seed,scale,detail,roughness,lacunarity,distortion,instance_scale,light_altitude,light_azimuth,camera_dist,camera_azimuth,camera_polar,camera_target,camera_scale,valid,offset_x,offset_y,offset_z,color_0_r,color_0_g,color_0_b,color_1_r,color_1_g,color_1_b,color_2_r,color_2_g,color_2_b
2001,-0.2325030774638834,0.5037836295819653,0.7296554464299441,0.351311241205118,3.4527156893995463,11.414612202490918,0.4397695124299078,2.6558221377616955,200,0.1779377416453305,0.4358319456022212,"<Vector (0.0000, 0.0000, 0.0000)>",110.47492976323564,,870143.9774306889,631706.4765359561,-994522.0051367042,0.0299194115621234,0.0318895846406321,0.0409735239361946,0.9127555772777216,0.2440510942603687,0.1704386306136862,0.1470524297264414,0.2898920548513382,0.5436249914654229
2002,0.0355372709039921,7.287530382476836,0.8894878343490003,1.8680870319125,1.431180786836281,11.715298307297608,0.4574955128607537,3.7340972178071192,200,2.1231588472374674,0.6224674893022989,"<Vector (0.0000, 0.0000, 0.0000)>",136.83292224057507,,-729806.2601481876,442976.23741148296,50708.59424280678,0.1475680997595794,0.175160542544343,0.3836775542618834,0.6855419844806947,0.0131381798872434,0.0243944786296109,0.1211697411916953,0.1472070775090034,0.3889214239791038
2003,-0.1184117966757189,0.7803195159661441,0.4045518398215282,0.3970260890185106,0.3630121824764876,11.803323859868506,0.4389569062551381,4.222268343675337,200,1.25359250609649,1.0067848785806086,"<Vector (0.0000, 0.0000, 0.0000)>",73.81322018937942,,-699440.3667692556,-99321.16738015936,592647.947926048,0.0650125004560546,0.0840153435823848,0.0316580615054616,0.2385903573824801,0.0509621595486906,0.2393694429929521,0.3361170605456604,0.3164313448450025,0.3310203227458539
2004,0.2002392583645255,7.939682402951556,0.7857857007138075,0.8293116987113416,2.937934287154917,13.111428779897498,0.9456477492907028,0.7221430327460431,200,4.580537072325673,0.996529895050044,"<Vector (0.0000, 0.0000, 0.0000)>",146.15114279095758,,897886.4519881809,-79909.64147208643,515457.1751588923,0.9271545530678674,0.7130740943049336,0.3438740659957161,0.0227000221056232,0.499895813687647,0.329185188577003,0.3779242666348852,0.995096505235324,0.7182156033245485
2005,-0.016429459262529,8.084016114332805,0.4427528289745315,1.86203463196231,0.1620428447537385,13.320061956565608,0.6914985975591974,0.1782248453140599,200,4.518991109258015,0.3602301837298545,"<Vector (0.0000, 0.0000, 0.0000)>",120.95412028277136,,-535253.6254672316,603760.5536754583,847059.4725066195,0.9811950400663444,0.208568348751452,0.1337956671149354,0.972628813822955,0.827936649065717,0.8650847595156954,0.4799879238078322,0.0852584177315335,0.3459325200935406
2006,-0.2325030774638834,0.5037836295819653,0.7296554464299441,0.351311241205118,3.4527156893995463,11.414612202490918,0.4397695124299078,2.6558221377616955,200,0.1779377416453305,0.4358319456022212,"<Vector (0.0000, 0.0000, 0.0000)>",110.47492976323564,,870143.9774306889,631706.4765359561,-994522.0051367042,0.0299194115621234,0.0318895846406321,0.0409735239361946,0.9127555772777216,0.2440510942603687,0.1704386306136862,0.1470524297264414,0.2898920548513382,0.5436249914654229
2007,0.0355372709039921,7.287530382476836,0.8894878343490003,1.8680870319125,1.431180786836281,11.715298307297608,0.4574955128607537,3.7340972178071192,200,2.1231588472374674,0.6224674893022989,"<Vector (0.0000, 0.0000, 0.0000)>",136.83292224057507,,-729806.2601481876,442976.23741148296,50708.59424280678,0.1475680997595794,0.175160542544343,0.3836775542618834,0.6855419844806947,0.0131381798872434,0.0243944786296109,0.1211697411916953,0.1472070775090034,0.3889214239791038
2008,-0.1184117966757189,0.7803195159661441,0.4045518398215282,0.3970260890185106,0.3630121824764876,11.803323859868506,0.4389569062551381,4.222268343675337,200,1.25359250609649,1.0067848785806086,"<Vector (0.0000, 0.0000, 0.0000)>",73.81322018937942,,-699440.3667692556,-99321.16738015936,592647.947926048,0.0650125004560546,0.0840153435823848,0.0316580615054616,0.2385903573824801,0.0509621595486906,0.2393694429929521,0.3361170605456604,0.3164313448450025,0.3310203227458539
2009,0.2002392583645255,7.939682402951556,0.7857857007138075,0.8293116987113416,2.937934287154917,13.111428779897498,0.9456477492907028,0.7221430327460431,200,4.580537072325673,0.996529895050044,"<Vector (0.0000, 0.0000, 0.0000)>",146.15114279095758,,897886.4519881809,-79909.64147208643,515457.1751588923,0.9271545530678674,0.7130740943049336,0.3438740659957161,0.0227000221056232,0.499895813687647,0.329185188577003,0.3779242666348852,0.995096505235324,0.7182156033245485
2010,-0.016429459262529,8.084016114332805,0.4427528289745315,1.86203463196231,0.1620428447537385,13.320061956565608,0.6914985975591974,0.1782248453140599,200,4.518991109258015,0.3602301837298545,"<Vector (0.0000, 0.0000, 0.0000)>",120.95412028277136,,-535253.6254672316,603760.5536754583,847059.4725066195,0.9811950400663444,0.208568348751452,0.1337956671149354,0.972628813822955,0.827936649065717,0.8650847595156954,0.4799879238078322,0.0852584177315335,0.3459325200935406
2011,-0.0769514640176705,1.8683205875292528,0.2883307570075776,1.1722461296254656,2.216362008693072,14.097107759127775,0.6483807616049486,1.812203936793075,200,2.5943042337207727,0.9202220353210792,"<Vector (0.0000, 0.0000, 0.0000)>",105.18077549037042,,-482270.3313873219,-516648.0551627383,776235.8650817184,0.0046849700969325,0.061382372416804,0.0660824967240747,0.3443099788041251,0.3213479432990775,0.3432100128565455,0.0190809788421727,0.562231842228457,0.335082018698538
2100,-0.0192696047695316,1.319390403135809,0.5223934280517005,1.3384459603368732,3.3679813661991496,9.237519305629128,0.2809030048868325,3.0015950440345707,200,6.084279835010754,0.7776558217267285,"<Vector (0.0000, 0.0000, 0.0000)>",46.27067342384977,,-106461.00650864188,18517.619932245696,-599377.5284239242,0.0656775223154927,0.2665481163745135,0.0136334016242236,0.3478265504844038,0.3570422894868,0.3625660486667144,0.2231919293527235,0.2275071307924774,0.2225153370481029
2101,-0.0553846728463016,5.7895651326874304,0.1496400577375232,1.7950491653029566,0.6119739501788066,7.028938101157934,0.331808949612521,3.720209584649807,200,4.35655582085132,0.7715116724143364,"<Vector (0.0000, 0.0000, 0.0000)>",96.23975967229508,,-134131.04359540995,145357.99994610506,-833160.5999850234,0.9710465327545108,0.8157837763455236,0.5286726956023504,0.3631671647306521,0.5445182188351586,0.534046073927154,0.7910581808809909,0.7137386457951985,0.3847749706744611
2102,0.1385367058669921,7.840468519747898,0.5530288385895393,0.1833893245628259,3.517976726807659,11.11564666755304,0.3105037368095084,0.0437008667791485,200,4.814111568264472,0.4955353341026849,"<Vector (0.0000, 0.0000, 0.0000)>",136.5202300647968,,-205969.8504044372,303829.5713744783,478587.05249216896,0.8425529322804304,0.8394810745506279,0.8184560281086524,0.6669364651011731,0.5875662740213873,0.8958323502042819,0.4395417587092767,0.4136466035756315,0.1138581819682602
2103,-0.0815742493363832,11.841515290283365,0.8917184071489002,0.5688422194366902,0.5669512510081085,15.949251073418315,0.6626549306074692,6.1593005864343455,200,2.7495052239309548,0.895126658584056,"<Vector (0.0000, 0.0000, 0.0000)>",115.25223615178544,,-597877.8676474431,511556.6919844821,722338.7339254923,0.0165425024134749,0.0060367254260744,0.0092291099178961,0.4302624933040059,0.6110682866440506,0.6611548981805823,0.830641972107342,0.8484228451633282,0.8235304611423604
2104,0.1308456380825011,2.109912624648888,0.1263441687183294,1.0987948593547237,1.8041994588030288,15.047275550589877,0.8385660702407651,5.154544506692854,200,6.217504772966023,0.5865647164640404,"<Vector (0.0000, 0.0000, 0.0000)>",88.67819602028484,,-441619.3988256157,-673996.6428570354,-432635.37096437206,0.8564181670838925,0.8617680175854817,0.9691391524608974,0.2962716563343658,0.2039678307899977,0.2135439331589487,0.3621601157528726,0.629138363806101,0.3146722781228803
2105,-0.0072730002429364,4.347789600398105,0.3158661448604498,0.3460630563436226,0.7617014151537584,9.12384205069684,0.7399906917239705,2.923200688151568,200,4.403084783463858,0.966751540902328,"<Vector (0.0000, 0.0000, 0.0000)>",58.68064156526956,,-437659.4130973277,-662703.8644747108,855011.5877857418,0.1660355999325252,0.1431193335586099,0.1524506403617765,0.2732422425047747,0.201161534921585,0.3581293799952227,0.6561480593047052,0.8782047873479727,0.265764709142147
2106,0.0213125966605258,8.515186880912832,0.3243824454043182,1.3298288801154248,1.378643194411906,11.256703440386737,0.8617171083067614,0.336885448840275,200,1.919315009045636,0.4618873294760591,"<Vector (0.0000, 0.0000, 0.0000)>",68.89802239223724,,-655117.0664442992,-754032.9213040582,240603.95247999,0.364708729816141,0.5607128055129019,0.5164031054144406,0.0721926406211461,0.0720659986916823,0.0733574606712129,0.1270037294460466,0.7452690361059217,0.2535901168614947
2107,0.0021935238124473,8.30569636479315,0.7381410889326697,1.507890494406127,3.3773729392837075,8.969503455458913,0.2741306234105897,1.2429689110473214,200,2.400577582221035,0.7165869593377604,"<Vector (0.0000, 0.0000, 0.0000)>",36.09215423973025,,-915229.8348840104,-392319.3833558271,-169422.77406885743,0.4056490880133647,0.4934701439059102,0.416256897945941,0.9609270209669514,0.5015981646029659,0.8942023120474852,0.2514840431936648,0.296783736366515,0.2411586683371786
2108,-0.0279568275104248,12.497927599232897,0.8458624869375593,1.18342023536701,0.9955708575181296,13.410616519344362,0.797051758393464,1.019157037580117,200,2.7230603270996894,0.6976919973640952,"<Vector (0.0000, 0.0000, 0.0000)>",31.6043218728118,,533280.1681401916,-661279.9097130806,993827.3824156892,0.1155088775654891,0.5255942066632485,0.4227906888278844,0.4075146878119633,0.3995136593878927,0.4795339323212327,0.8114838259969958,0.879606053993754,0.7366754848728099
2109,-0.0295418559090562,1.1750451554220689,0.6391397087326571,0.7454159817914559,3.2198358559727462,10.887608475492996,0.6068122826554085,5.256637670136604,200,5.053174788501103,0.5324128437498441,"<Vector (0.0000, 0.0000, 0.0000)>",125.28593615118425,,10734.386858547456,748707.4582057877,-912689.9798393524,0.8642163961988456,0.9370765398170198,0.7430139990253968,0.1859711960350871,0.3118105945945217,0.1234928397512764,0.5196205309937151,0.3352043494498783,0.0836008799399077
2110,-0.1307868516519919,4.4400961914563695,0.533231013468609,1.0182682859227186,2.145589398679796,7.652939126931528,0.4075722136281106,2.013488902927435,200,4.820483959494703,0.7914617064739183,"<Vector (0.0000, 0.0000, 0.0000)>",79.23568899746633,,-205923.06738542928,-835019.0870956464,-851317.808412277,0.0773034013619787,0.8844412660756713,0.6764623882253842,0.0947129117655133,0.0933596471692913,0.093247726221789,0.1467182935753146,0.128362004352223,0.1551415852573395
2111,-0.009399376792562,3.897696031698093,0.7455895411296558,1.145519036148526,3.579816182137752,13.000134250944395,0.8330087205014849,3.28918603349232,200,5.79406433768852,1.0182565188255317,"<Vector (0.0000, 0.0000, 0.0000)>",102.05098663233149,,720426.9437642442,110556.33828487316,498338.62552205706,0.1723711643933779,0.1677522961163714,0.3557316465930216,0.2247349033046242,0.3894461181125436,0.2116643307398806,0.8779233183175997,0.5739390237084445,0.9240385388199231
2112,-0.0386845169194211,12.089292362314218,0.7390845527464737,1.7231499515341235,0.0356477548265168,15.779700767957433,0.5052537723219427,0.1671808264989233,200,1.2656868460094737,0.3974152215847455,"<Vector (0.0000, 0.0000, 0.0000)>",39.11065628424478,,718522.3893139153,929228.8935767442,354719.714615182,0.078081886690457,0.0459717722362595,0.0130745906527611,0.2952107592843292,0.2943987028250239,0.3211645871528841,0.0802494899334658,0.2052535864795687,0.1696616695511217
2113,0.0223372052654861,4.536633990619581,0.4932009960455401,1.834705688288118,3.43173701747635,14.059465391790578,0.842361188710053,0.9316237878040255,200,5.137019348696749,0.9815388239442993,"<Vector (0.0000, 0.0000, 0.0000)>",46.44217240201557,,83763.1437257526,987223.9725169416,453383.2272373447,0.2643271441137701,0.42733764471573,0.3381665483499827,0.3398421733024372,0.124848248476045,0.6634514324748049,0.7285996179453631,0.737729797855254,0.6305837548966687
2114,0.1708789829436978,1.3944912807833627,0.5418734363482075,0.9246948599999056,1.972255937976296,8.147738819354686,0.2093517963231264,2.4849328518402225,200,5.930199484279714,0.9822114776606344,"<Vector (0.0000, 0.0000, 0.0000)>",134.11249141442812,,-142623.7124055014,-897270.2348737495,-487588.3065909668,0.2813077375884191,0.2383661915977987,0.294603144731449,0.8323137114110288,0.8776065956380523,0.6628782106451295,0.3112878976131991,0.2626757792349032,0.3030514873378236
2115,-0.0742366015559446,4.483615168210704,0.9123389183628644,1.578735672414657,2.9264887763403435,8.637555946989062,0.8113441219048867,3.730952484208538,200,3.9145789883255375,0.8597047944486387,"<Vector (0.0000, 0.0000, 0.0000)>",67.83775281736838,,-404896.2845380526,224694.17854076112,533447.3529576908,0.5085377306590317,0.9872706821636306,0.8615762325864412,0.5609569437426566,0.5554101983426616,0.5320886706508086,0.8437133208090974,0.4888057619334454,0.3558410031337787
2116,-0.0410730911227336,7.566864393519747,0.7131726226719749,0.847637682462109,1.158503168008397,15.144311620445812,0.4894415642682128,5.094452829489049,200,5.662011662662563,0.4310133258597547,"<Vector (0.0000, 0.0000, 0.0000)>",56.68597863333498,,-7380.530314621283,-215283.0915873677,384755.4886343065,0.444129534390104,0.4140066886157859,0.4484065815164448,0.7068535126117507,0.6764763561405649,0.7053369878641832,0.1364125410126214,0.7318716477368498,0.6089888068686915
2117,0.1977417181935561,6.978871974529892,0.7931690766456728,0.9608058656500962,2.4091944740382454,10.000909924577636,0.3582684151644799,5.003106108871587,200,4.379570995981212,0.5146325385018106,"<Vector (0.0000, 0.0000, 0.0000)>",135.04408169728669,,-239005.4458677109,-716527.9466998167,156417.1074253854,0.2274843255872291,0.5371075900788556,0.2378421239664761,0.0001042151874756,0.001100146482482,0.0002598803281146,0.0802531662908545,0.500562705619836,0.1889977693026488
2118,0.0491017064030548,12.090536936040268,0.8904702421288913,0.8671940135181273,0.8299094742647819,14.167330683834376,0.4930853481464337,6.095463253328947,200,2.8355006256677004,0.7791806916425998,"<Vector (0.0000, 0.0000, 0.0000)>",138.6656066897584,,-279340.1897085061,135838.8437090614,50847.84096408472,0.3186906049499561,0.8184316902525915,0.2700400661103732,0.2953813920605399,0.2232795831324274,0.0745367635972984,0.4961732586525699,0.224300781596782,0.3124985906428928
2119,0.0143497697330803,4.446280214502253,0.2504841281354705,1.7987220475182495,3.69576003006266,6.278831373308318,0.9993941752975212,5.165985498584265,200,5.423463341560139,0.6452530396585142,"<Vector (0.0000, 0.0000, 0.0000)>",112.28731413057235,,-61677.244913997245,880468.8954261993,733967.792287163,0.169669122025154,0.151844007330015,0.1134590408152647,0.216565293040306,0.2049224861842624,0.1901716333257951,0.6797449933294029,0.4118097442115156,0.9594519342336676
2120,-0.0614147331628929,11.8716223016156,0.4283196490929197,0.5539568376931754,1.5084403120789074,9.944426570051366,0.6512575885932517,5.927771473886578,200,2.776210821379537,0.4712209321978101,"<Vector (0.0000, 0.0000, 0.0000)>",141.0201054298898,,-65446.8702755404,610009.8647343598,-898425.4765045152,0.5491523170446634,0.2795240678972786,0.1532913848625443,0.9716885626975272,0.80657780636999,0.9841078841958976,0.099206198590724,0.1513149444104642,0.195257832288513
2121,0.0900366247144555,12.462902132194683,0.5527773873441562,1.1915711312494583,2.4295760945507965,14.937051730680675,0.8286057883000117,5.595306073740115,200,6.022805192500112,0.9065304005502004,"<Vector (0.0000, 0.0000, 0.0000)>",86.3498578791929,,-226395.8313402714,-983956.9190978236,-743784.6584235919,0.2828370505348295,0.3563067543315024,0.346674646019441,0.4027349972518689,0.3356974694156912,0.3297463792386625,0.1084581424101639,0.2386455444311352,0.6547190818299792
2122,0.0256329658588675,1.9393604421296728,0.0251951842540765,0.275870517997193,0.2595127635397918,7.672991977436052,0.7397990050718644,0.1854933157391805,200,4.949446959171548,0.3647484592035286,"<Vector (0.0000, 0.0000, 0.0000)>",105.16662902958348,,-765093.1352660605,-225341.7146246257,480591.6295985102,0.086888892444599,0.0913622946330797,0.1666104591274385,0.4774607255343288,0.4761956810121193,0.4727357762471323,0.5713750459830806,0.0559558636507449,0.4410833241478364
2123,-0.2345875723640317,9.73743541481536,0.456951399189218,0.2260575078755871,1.9820821257387229,14.379671125193113,0.8803597579355666,3.1095332145437364,200,1.3527309488095831,0.9824534396675896,"<Vector (0.0000, 0.0000, 0.0000)>",43.56731020726601,,402877.8845373003,-23325.39999634307,-35822.90204239427,0.6119008907046259,0.8825914283510173,0.1901793406912804,0.6223948877324517,0.3451221819855393,0.5767523480357115,0.6320484760801902,0.1345195046492031,0.6200917066188992
2124,-0.0599902728777089,1.1691806665467075,0.8361221641579271,0.4139596979777089,2.916607608842793,7.68828627043585,0.4740398216973892,2.656639982188702,200,6.075132449267628,0.8820307496301605,"<Vector (0.0000, 0.0000, 0.0000)>",145.45167662408647,,689690.5846822734,-647715.8017460078,881885.5319673156,0.8349708503715089,0.855042549249818,0.8436470484638171,0.3174048851054963,0.6828719696725369,0.9171768259206724,0.772212335612424,0.3013567477035103,0.0850867667876297
2125,-0.128795587751245,5.538166005205004,0.8155913055996469,0.8265044030982651,3.140330088522796,14.760498379812203,0.5959933429223656,1.1120652798258708,200,0.1748120534910437,0.7142279765604349,"<Vector (0.0000, 0.0000, 0.0000)>",104.32167415383296,,-583544.2282977137,-382738.09050621535,542487.9775531208,0.0547363073800133,0.4120573714688738,0.1856018991911928,0.0163264675182859,0.0071576982181651,0.0316802564831105,0.058764071369678,0.0736824519583046,0.1015649815252619
2126,-0.101336817580216,9.31076742248297,0.592819793462672,0.2123158116073942,3.16926881146261,9.695916159761472,0.7863058906289304,4.679003350491445,200,2.20546668658942,0.7189875198534899,"<Vector (0.0000, 0.0000, 0.0000)>",149.77631383329884,,-461494.1190147033,-194800.6360658263,434923.0020038581,0.2361587884202276,0.3232929050713709,0.2700743205073424,0.2861654165206897,0.2948547998659826,0.1509673889548039,0.1654680604876736,0.2676190427540103,0.1843756413987848
2127,-0.1328244535605525,10.69748089123501,0.6722832167328449,0.8708310672636295,3.0217252275810846,9.496519631064572,0.546633560850245,1.676723565924416,200,3.6610976685017738,0.3948451134547367,"<Vector (0.0000, 0.0000, 0.0000)>",135.90355442320546,,400368.00358716864,-47674.649072668864,278468.4169319237,0.5418911431081355,0.08134471952368,0.119787959151692,0.050537958027468,0.1814391789240016,0.1663965778837871,0.3806657167795655,0.4830133614210352,0.2775084633963149
2128,0.1569145549096325,10.910081938141598,0.0751398621011453,0.7862696424204934,3.483664878196046,15.967503394053251,0.7402372927535492,5.435855033282996,200,4.811528099470054,0.9554362473839328,"<Vector (0.0000, 0.0000, 0.0000)>",121.40542512991276,,529184.5920636794,251558.5035948116,227945.7013009568,0.6619628856381258,0.4738299570549663,0.8287984371349365,0.4359211550829412,0.5965109748861308,0.5369503701042561,0.3875486463479505,0.7355310513156276,0.5822974377816533
2129,0.0238916685941225,7.191143142786246,0.2713850451837531,1.189788812388307,1.4559388078483164,14.065979646057306,0.2752098486361339,4.0414966809248485,200,3.439503799753077,0.8650216921967209,"<Vector (0.0000, 0.0000, 0.0000)>",52.18923279108638,,-95849.1385697365,-701284.1427157039,-631809.2699276721,0.035188323811701,0.0266354295574386,0.0353768287449437,0.9975528603817344,0.3040990460611742,0.0985744639432054,0.8211605218035438,0.6539818151211098,0.5257609320603192
2504,0.0973675899113924,3.7885632456273326,0.866571239053768,1.802590005958688,0.8332325538883985,12.19151529566157,0.2543089835192365,2.2025050734480494,200,4.489276234822749,0.732232421499255,"<Vector (0.0000, 0.0000, 0.0000)>",148.16362972501048,,-226186.12888150755,-52190.63646429696,817491.559829995,0.7653098282719543,0.7569329040495715,0.6648115195968785,0.7792651081336476,0.9918866153608052,0.3484028094181762,0.4711415116900298,0.3669565837918183,0.410131222700015
2505,-0.0046746281667776,11.12607873176528,0.1514244556809389,0.3332181680449799,1.956846009916786,7.708346905424904,0.9517477784289108,4.314368764477729,200,5.787462449771181,0.7708498213179567,"<Vector (0.0000, 0.0000, 0.0000)>",143.7249981310124,,-735464.6812490374,582356.0575743448,753478.1402125745,0.836141412226608,0.8226625590789035,0.8183286276674897,0.2566100460152835,0.2260967294934901,0.3132842423089671,0.4187421589767201,0.8225170748237961,0.4173792530685124
2506,-0.1232772360685479,14.151959802008484,0.1331335004132399,1.6476008104320814,3.334851683440472,15.711173225157854,0.4867601905071418,4.997219906511544,200,3.752314512415237,0.6978116022553673,"<Vector (0.0000, 0.0000, 0.0000)>",106.77451849519316,,559263.2006402786,629647.9285745295,-262324.5979569657,0.2447670066592684,0.1374168050350912,0.3256936608531027,0.9265588704011312,0.180244778113211,0.3369429224205332,0.430849964166955,0.3685504494554896,0.465604172592246
2507,-0.089890567387036,4.954600582325107,0.289665119578236,1.516467100347091,3.874400322833997,11.85827406411277,0.2364794015426493,5.291161275804266,200,1.2566197589201642,0.6890238064660195,"<Vector (0.0000, 0.0000, 0.0000)>",39.70988173247902,,791370.2020460621,-198722.3749759331,176332.03862273623,0.0176386242922133,0.0192130998345336,0.0133713492931697,0.9895770450828332,0.985064722144556,0.9817762906137704,0.5574230898558874,0.0582552656765065,0.4899786267259822
2508,-0.0327400874008024,6.732825836713019,0.7889697007761222,0.1063876481696854,3.2697964557179144,14.059884085642915,0.3414423980020412,4.416949312733437,200,1.3927848443744195,0.6404601455542892,"<Vector (0.0000, 0.0000, 0.0000)>",114.5702349455112,,66805.57053683395,-666255.3092350323,338987.3654907637,0.3703782262941131,0.5547332248966863,0.4936504854683863,0.895467998772965,0.890716520524354,0.8922116736482559,0.469664693919206,0.8353647108409659,0.2906485736005043
2509,0.0979031033169021,8.713372382319625,0.3564468840009792,1.4201077822840855,2.145095973350361,7.078955889041008,0.7116364139141491,5.233827434228287,200,5.665124340267462,0.5396672342085149,"<Vector (0.0000, 0.0000, 0.0000)>",97.35944509632702,,-762649.5125670609,-168383.4351674082,-210799.7038182241,0.1148468668297865,0.5144478644237226,0.3451168222483011,0.6741795290038427,0.6706616509522201,0.6731819282611516,0.2221661363554127,0.0276112015034888,0.1619448719586288
2510,0.0265026906300977,14.218242791439872,0.6118757238848739,0.8815861381680534,0.7087519542092302,9.082957952706272,0.2912208049274546,2.7630788577746817,200,4.676646049438554,0.5428934555100601,"<Vector (0.0000, 0.0000, 0.0000)>",60.161706712475606,,245351.5864947678,912292.3356012804,-555753.4157311362,0.0710572343669921,0.0698741848592476,0.0682704130375116,0.7016390266983774,0.7674969054913581,0.7698028208930838,0.1956665332188839,0.1334617160415365,0.3625703788338664
2511,-0.1486169959091415,6.788058890508643,0.6637803185057127,1.784551067648287,0.2054637126956509,13.42358927334502,0.8778114259896095,4.113555643090308,200,2.431753729822208,0.5446102217618218,"<Vector (0.0000, 0.0000, 0.0000)>",104.38025793713766,,-838925.2964451729,325510.81131656724,509577.565829258,0.1360007023661009,0.1385854437382462,0.073799693142058,0.7886016034839066,0.962334108210138,0.7938080526042168,0.2810601844843463,0.2252520502097167,0.2511376883704717
2512,0.0721476281863152,2.8797243494420184,0.3065899168117769,1.2002151904059415,3.038573923148198,9.449413024522858,0.4788295242210182,4.709386021869361,200,3.7964285041577934,0.5136316773990169,"<Vector (0.0000, 0.0000, 0.0000)>",83.58505062804053,,224333.51882230304,817055.8946523564,-579442.2676527705,0.6289931419107152,0.8954924056445446,0.7821740352114543,0.4696201800404775,0.7575119643019583,0.7396223101178195,0.2953847443582438,0.2607452693739558,0.2362202643345362
2513,0.1536231182784065,3.1815695656687715,0.1198992040636155,0.318881752064595,2.3175337504311004,10.889348330708952,0.7647727312735011,1.19728678252582,200,5.791923853033304,1.0316792143698938,"<Vector (0.0000, 0.0000, 0.0000)>",52.814583573475694,,326173.6953854393,768695.5087733665,177300.3363973659,0.9834286436667126,0.8755960893986218,0.8636665596911275,0.3744548009863953,0.1709816024548243,0.5274333423975959,0.0171443577551718,0.0177624551314399,0.0172349361255514
2514,0.0176251180994647,1.198824625133409,0.0716608039308461,0.5558722760962367,0.6754429406890665,10.631978421963016,0.3514847347979029,1.4939622504782315,200,0.8765388940202273,0.8690152448944319,"<Vector (0.0000, 0.0000, 0.0000)>",106.6079842853479,,-187039.3518374326,-965534.20356504,-430750.9142718691,0.112924126457887,0.1354011817306558,0.1280449201055015,0.06443008856287,0.075011273331635,0.0609844113143996,0.1052637524575399,0.1813771368316146,0.0157092300997748
2515,-0.0008814226057604,14.934451726725916,0.0658224704404499,0.2657419305383468,0.4240169534969418,8.205575076379255,0.6966199558204661,0.1907030599392024,200,0.281147309952409,0.6133709702744153,"<Vector (0.0000, 0.0000, 0.0000)>",120.1080678731226,,-365657.36914138927,73296.12579902331,427840.28987689153,0.3980684792235294,0.6413164070226666,0.0635763381922836,0.4783407113370294,0.0069581570422247,0.7609551321375073,0.963793387490849,0.5202040789256762,0.6615481831991556
2516,-0.0191369077059379,7.941052957379488,0.1671868459943201,0.99050835123407,3.789776923621132,11.505684115694397,0.5044180062393959,4.512371507596704,200,2.107884675491449,0.357659064110247,"<Vector (0.0000, 0.0000, 0.0000)>",134.5974883403066,,-303413.83112894883,-865283.6450041301,654904.3283618339,0.0346414887408018,0.0375720676537526,0.0932191777235288,0.9259977323139778,0.273772083264524,0.3067217942201141,0.6636897080447882,0.4923397362544368,0.1493700173283811
2517,-0.159970941741624,5.089709046052021,0.6583207877189334,0.1008947843324052,3.2623360398247816,11.02436456107806,0.9712336498655464,5.991298065728374,200,1.7277352799032837,0.7532293745465464,"<Vector (0.0000, 0.0000, 0.0000)>",96.5261643086746,,-855930.183801212,-773931.9387631966,-606698.7947170192,0.5937868565031275,0.6254473777124531,0.5194225835020837,0.7920804440912625,0.6395544099016667,0.5359174549432003,0.326700338104578,0.3732327142386347,0.4176006795629002
2518,-0.0492600405682476,14.545254695097062,0.2372731027640949,1.1801798567364057,3.3895525721314343,14.168778354524587,0.6875972688888683,0.0125643522097425,200,1.7674968760144505,0.6846770145957872,"<Vector (0.0000, 0.0000, 0.0000)>",138.86979565052357,,513847.6585940621,469849.4717272306,964686.4416132218,0.314906410689994,0.393847206977716,0.4136701869303987,0.2741951947829295,0.2871397378030161,0.3101693529775979,0.0422121808563968,0.2520136706436512,0.681763089590977
2519,-0.0070815542497697,4.449095882852276,0.6935356053598897,0.0862064950315071,1.849326841390813,8.043162575440977,0.6701707897962201,5.108520535548294,200,2.428871782409112,0.8356705093707075,"<Vector (0.0000, 0.0000, 0.0000)>",60.28197228361705,,853957.0488506632,-912839.1236200078,274404.5486292785,0.8865051368881459,0.1846017983781711,0.5384933375552022,0.0813439947546296,0.04582368058648,0.2833951562223925,0.4094086691617505,0.7427661946490457,0.5026539422867121
2520,-0.1139147888192866,5.063406488005765,0.6518687586770241,0.7816173133112332,3.493757144385339,7.939502615966754,0.9131178122139504,4.937685908313735,200,6.044732128764204,0.4608111426045741,"<Vector (0.0000, 0.0000, 0.0000)>",136.4192463196852,,-640401.3367526279,-152375.9631028003,159448.52100096154,0.0973514196511786,0.4124415263159858,0.163760900427908,0.0024543609957108,0.0008097651708115,0.0009919602608547,0.1653404056708291,0.7903527543632741,0.8791107889441179
2521,0.1521235471717403,10.353333671834212,0.2088783057376226,0.2413610503990166,0.7401907547707358,8.08288981746976,0.4770095170526526,3.891570692568088,200,4.189251940827966,0.8779672165405359,"<Vector (0.0000, 0.0000, 0.0000)>",48.60956892229355,,-994381.609731914,949685.4341944938,510562.0547485128,0.5332839251357538,0.2613350718422575,0.1698001678201751,0.0889086416987112,0.0245535893386214,0.1190807595506381,0.4570992260180204,0.2894992489430976,0.3914714735490138
2522,-0.1843374548304396,9.456073993997697,0.3939200431449596,1.878513851860237,2.3161344907875674,7.918853077181531,0.5545218899870412,5.926295442360424,200,2.117049293252726,0.7235708149893552,"<Vector (0.0000, 0.0000, 0.0000)>",68.08256249200181,,-437880.5759843128,-343087.46863974514,-303200.91732726875,0.4447840928626628,0.2883787428218693,0.5275868199049681,0.0764343255415256,0.5690005647420059,0.6739615815132057,0.0683602730952996,0.0742807557281923,0.1477858080073314
2523,-0.044890893200758,1.715851276174944,0.8922536669018059,0.0906521852425323,0.8185651620649836,10.277536498911646,0.5142799502805052,1.6455669920338003,200,1.9174738396478128,0.6732079939277447,"<Vector (0.0000, 0.0000, 0.0000)>",98.16621620042925,,790283.8439644512,-909994.1868608576,928359.1207238048,0.6178492440595472,0.4416125848054146,0.4655624372843577,0.0080351417828606,0.0294484472128666,0.2322373527700816,0.270517677106089,0.2802980717554098,0.2948684729399403
2524,-0.1272728149741787,9.751156792919438,0.2212740841100112,0.0602658467362264,1.7233975769652488,12.347556185326546,0.3893588665340635,0.3426065135805001,200,2.5535599397744693,0.986812363673382,"<Vector (0.0000, 0.0000, 0.0000)>",141.37270511587755,,-443222.482586127,-184837.3231003253,-147060.60187843745,0.5020195404891424,0.5908562732226005,0.6517171248897276,0.5956584025668678,0.1263007779577276,0.5203239438593713,0.7278068729447658,0.7434576260641979,0.735428227135994
2525,-0.1627692778749346,12.74001995273236,0.5419151837545086,1.115566826134981,3.610575451824836,9.096203828827957,0.8473305625734617,0.25541640150477,200,6.037680915187887,0.6713229071525906,"<Vector (0.0000, 0.0000, 0.0000)>",101.73370112888054,,884494.4871612112,702667.6505548658,960836.5849040514,0.0029746021836227,0.0073491049111947,0.0072739620625239,0.8709417154065857,0.5386780594250989,0.6215475982586575,0.8889110993746057,0.9119617194950096,0.6327379823365655
2526,0.0544443054230253,13.06630202616206,0.3678251036987394,0.0999115253560309,3.305513174834479,14.395317298756089,0.7102859069775735,5.519426478628422,200,4.897748759059688,0.4254953199695188,"<Vector (0.0000, 0.0000, 0.0000)>",129.91094356422795,,937771.5517728648,14932.47858509794,-666341.29510536,0.3046696998513234,0.3274601969487788,0.3386659463159012,0.0652674423297929,0.0684149060764969,0.0260245141413787,0.005886869046925,0.1707070308484309,0.1544255937378572
2527,-0.0442789550301754,6.895609103748116,0.0813707004977486,0.7219918529043499,0.9204847038329986,14.75245054515572,0.8463456981588491,4.060296491631752,200,1.5407647929419857,0.4882739667541526,"<Vector (0.0000, 0.0000, 0.0000)>",49.99501418767633,,-472232.053278886,-488991.5531597756,538520.9931473769,0.0658686150997815,0.0944576104963089,0.2280542583379686,0.0895076648763787,0.0335914622380002,0.052412107081726,0.065424343230693,0.3195071704100543,0.0847669845440294
2528,-0.242587376550213,12.089860926845873,0.1440115110843335,0.207275911631674,1.0363395427086908,13.886303165386746,0.2020485516123538,5.079841224368085,200,4.401550080796913,0.7205618868343564,"<Vector (0.0000, 0.0000, 0.0000)>",125.19806538135146,,-647217.4598628914,-301242.18237974937,231507.43336617108,0.0065798240155095,0.0790549613351951,0.1108731090531612,0.8513226584338884,0.4731989134039234,0.7166854729564658,0.79956636391741,0.5747320368559159,0.7475468801393762
2529,-0.0487461202624181,5.186093264151548,0.6976202833197066,0.0510874401697509,3.153858640148345,13.101840534704955,0.4187269102132209,3.5539492712950427,200,3.832158208443415,0.9580063382081484,"<Vector (0.0000, 0.0000, 0.0000)>",118.52973341653072,,-8555.05948472186,-238916.22848529264,765884.036186516,0.1493496574196333,0.1441997074545288,0.7434434698430945,0.3333529105116811,0.6480706393413755,0.3101463459256761,0.7600748909628771,0.4365079501200835,0.319317991001022
2530,-0.0528220143341423,1.4634825658866255,0.3543325762516244,0.5600217238410852,3.534392173707521,13.073405032215335,0.8406665913697227,2.3557712412088567,200,4.032143584438352,0.5746657799350774,"<Vector (0.0000, 0.0000, 0.0000)>",69.82964651435745,,-114862.88733926148,-381335.60580432496,-81305.82934639929,0.480137151902619,0.2650314996752504,0.5371758796119818,0.583336408643503,0.5059916822533285,0.5564011245852699,0.3241605138089105,0.3491528966671861,0.4671179835775308
2531,0.2988399184135197,14.223860299228075,0.8831999913924815,0.5323125852689694,3.327838434633696,14.916003848737112,0.6284673166866448,1.168047505346839,200,4.33418711032814,0.4060632698647903,"<Vector (0.0000, 0.0000, 0.0000)>",147.5089045909383,,-603578.9567592704,-353981.69629508327,-239036.8665864251,0.1884244232959019,0.0745001913138678,0.2304244552916662,0.2688273727079946,0.5475164856418393,0.9654640783552312,0.3365320905494392,0.3974074043577026,0.3974819623117002
2532,-0.065303250849217,9.264557513887064,0.2340402909160328,0.740871484829905,3.027706922513974,8.769650828358401,0.8759476369909847,4.677808451503693,200,4.205307456613038,0.6705558660370587,"<Vector (0.0000, 0.0000, 0.0000)>",32.718752224325875,,-646262.7952185895,-884986.057926379,-946212.6081607244,0.4752661436477799,0.3267514373036237,0.7938360672630821,0.1642940879463054,0.59277798430447,0.473655130958436,0.1882195835075462,0.0041150927939846,0.0942682710921923
2533,0.0961675484902247,2.2651856508991224,0.7373183461248907,0.7755339465817348,2.2982200670606017,9.176282832674662,0.7493961535480786,5.939478778159752,200,2.543584943214926,1.0156809669496114,"<Vector (0.0000, 0.0000, 0.0000)>",130.0557871441536,,-43097.831449019606,-210859.52428919787,-114021.35055122548,0.4155930101527699,0.3708477037614963,0.5415637253731673,0.4562964468041613,0.1573227232768314,0.3036043152146275,0.299747156243784,0.6463376843102195,0.9421289336421382
2534,0.192581739300076,0.0527494721945431,0.937724538353001,1.5961510348057786,0.7593764723969252,8.411248274451793,0.7514379100936808,0.650040463101409,200,2.5875093808734984,0.894710801294019,"<Vector (0.0000, 0.0000, 0.0000)>",88.68521221087458,,-255976.94199575656,-794287.6364540652,713409.6295502135,0.0107743045822116,0.0073884426172031,0.0067818942389641,0.0626505672349719,0.6075775402098267,0.4235883895877743,0.3992887403864951,0.0402836133459085,0.3149138533174638
2535,-0.0105780516302583,8.252423946914783,0.5540820831818889,1.861057527000406,0.4879930752272887,11.368353864287023,0.4024209947250519,2.230102102381712,200,0.7965462244220636,1.0329800903909143,"<Vector (0.0000, 0.0000, 0.0000)>",140.0615504322068,,973502.8355788604,449675.4785795957,794202.356151171,0.2070485055329896,0.2853175942111372,0.2237084607532264,0.085618267658976,0.0901727656147854,0.1799039941522086,0.262145682171291,0.2024071129017411,0.1657150197744087
2536,0.1189443433330513,6.5946966643068725,0.568540387156665,0.4608533274790429,1.5469829049652692,14.42148992927972,0.7466859181645789,4.24911455327978,200,5.671696114933409,1.0339383809513922,"<Vector (0.0000, 0.0000, 0.0000)>",97.39733384566972,,768343.7595574192,-399324.9351688147,-604966.2070835603,0.4744681488749571,0.5020252543435931,0.5915082564277665,0.0067493352635924,0.012026061341434,0.0107708161266302,0.0360951379781193,0.770336965421463,0.5098070555017412
2537,-0.1592605349553315,12.16666652324823,0.6708986612932171,0.3114069309798004,1.113059791331117,14.32334983861954,0.7103192696641185,4.335369331356571,200,5.336869111418883,0.8853840607281325,"<Vector (0.0000, 0.0000, 0.0000)>",104.82434042115108,,-660908.2430589678,-818806.2893546679,77690.05661292141,0.0423613038633163,0.0423651265131951,0.042343482231337,0.1742591579458461,0.6786952938843217,0.3771388844132265,0.7558794741541458,0.6411645509684402,0.7469941093636592
2538,-0.0062925368174526,13.482851521117713,0.4211529777486434,0.0571830643092132,0.6250769910982887,7.508655924523659,0.6994759053542849,5.0613870087245525,200,1.8372939195354856,0.4114798365654352,"<Vector (0.0000, 0.0000, 0.0000)>",37.346574300937945,,-386761.1848627839,795993.0976502092,983509.5076110744,0.2397278377438049,0.8349654118187839,0.947908472023408,0.2721741443141427,0.3893604660818489,0.0508995903629747,0.3526007823272029,0.2266327066362422,0.6117281621384846
2539,-0.1146800668893009,0.5230875154032466,0.2103068630295052,0.0565137558665624,3.932169562814945,6.605916642309613,0.5998707038690816,5.0758815064126965,200,0.1661777855807416,0.8868704515582082,"<Vector (0.0000, 0.0000, 0.0000)>",68.03050072099558,,806000.0333828016,-174573.91069895448,-47062.769858300686,0.0424958889776068,0.0692941250612245,0.0635225298199469,0.1810562906831057,0.8054839540525288,0.0083199052436557,0.8370315001992874,0.8591297315510449,0.8966216370087828
2540,0.0399541289902986,8.657383789769618,0.5653021548255632,0.5047259348286732,0.857101769895539,9.626512454760316,0.6399902161540952,1.3208215803943997,200,2.077508947090822,0.9462217806178326,"<Vector (0.0000, 0.0000, 0.0000)>",82.47199799778699,,-792245.4302559027,435642.0294106237,-645454.7133442156,0.5588477230996061,0.4745450479674085,0.5440009028255997,0.280387181603691,0.265234936945031,0.2646635992012855,0.2950472955673904,0.2928939499475649,0.3143094869527676
2541,-0.2210733458807561,13.726949200469956,0.4681767086473504,1.6904016739602612,2.0304493429854067,8.822537285271176,0.9300844484841082,1.4383535497880018,200,1.3758394423782496,0.4824211800776453,"<Vector (0.0000, 0.0000, 0.0000)>",70.34242791592385,,482737.6992135595,331979.4342495231,-245146.4432376863,0.1135502664055691,0.1457657415533035,0.2348525958510013,0.0975403366446967,0.1757449837182472,0.2096527455166809,0.3856220397286587,0.3274981061477526,0.2632380107439925
2542,-0.0876682916500317,13.277180558444504,0.032262166601031,1.8292495530837725,1.691317318989788,6.038528940739004,0.6685353563652519,3.215025685851705,200,6.272287723241752,1.0148002394331646,"<Vector (0.0000, 0.0000, 0.0000)>",101.15182978823114,,-729526.4903380461,-903668.9314469796,-622030.6362448478,0.331636266391052,0.4020744643253247,0.4839579940914462,0.0013793620847493,0.5838243639771247,0.5677255149120615,0.1877817367590534,0.938920057485208,0.5398157639822915
2543,-0.0154399793785165,7.703442060054408,0.3638893496464218,0.2298531010036777,0.3988010578154384,6.812735432911041,0.6825307726214321,2.414026019044475,200,4.5173072843013165,0.4122545087351436,"<Vector (0.0000, 0.0000, 0.0000)>",149.58900253277412,,768523.6594988909,-7537.428795336396,90345.3452078579,0.4281363231703394,0.008256353336016,0.7409491976274833,0.9512742565246202,0.3048628303826275,0.3903901693412581,0.0913111866497777,0.0658516421030163,0.1027996522098422
2544,0.0433085344117439,8.60546329170876,0.347092389553698,0.6939029821271172,1.5768901454504611,8.175545530753686,0.4289174384997827,4.666615331302928,200,1.4159744860849053,0.373746795860245,"<Vector (0.0000, 0.0000, 0.0000)>",106.25197680585045,,52245.58753052377,910485.8968880236,283619.9827814379,0.4014079359341072,0.1106520196031832,0.0781086047059605,0.8181490702894719,0.8940875996664843,0.9395339852725992,0.5596900357029956,0.5338761677708901,0.5345632206837865
2545,-0.0314157711437242,7.405631842475751,0.4260044706307689,0.1503711051805469,0.614512740185186,11.700730504906613,0.784745970971729,4.355587149271268,200,3.7852226842134646,0.5660601035947026,"<Vector (0.0000, 0.0000, 0.0000)>",126.8956594599368,,-46909.02420261002,49766.21291948482,-917421.8810614732,0.599149078064465,0.1501232320489243,0.5836571284680664,0.0474126478712458,0.0444781267156954,0.0474943648448767,0.1481063919134493,0.2459582625138426,0.0858070933546637
2546,-0.0793928280781075,7.400721112425414,0.929914028402153,0.5291329670042944,1.484423775921608,14.85878555357552,0.7107934261817006,3.450708202552044,200,2.5978517887118486,0.4887986202488845,"<Vector (0.0000, 0.0000, 0.0000)>",114.64651108244068,,84909.9604881187,-967741.6522793848,813445.8756894073,0.6591784165221992,0.6613642027723402,0.6604035045988925,0.7431422102177158,0.8091042819359562,0.7676106353435672,0.1791003949719335,0.4779623222187873,0.052208982601769
2547,-0.0112140148451916,8.23741427958755,0.4001617512538555,1.9548819821180727,1.0445573213532224,7.076777059953386,0.3366698525379268,2.7955096979873586,200,2.7794954925151134,0.9530164386760342,"<Vector (0.0000, 0.0000, 0.0000)>",53.62157157496097,,386255.6047985661,213933.51877698,232878.8221549501,0.4580779804676343,0.1068072636835823,0.3632719350083399,0.1043788628110789,0.3245369948770195,0.4657425428630729,0.908566449776506,0.9665594083196454,0.4003483647301789
2548,-0.0782391232142123,11.883850042855078,0.7301565074662115,0.9575281942594543,3.2682703290590243,14.392650872083555,0.3203082724317748,2.84592061905465,200,4.141886326323255,0.5102581508223996,"<Vector (0.0000, 0.0000, 0.0000)>",68.48316361848617,,607076.937990359,506769.3921967363,142893.68618662003,0.9257256305451248,0.5430408476618777,0.5200784832757219,0.6728355695244633,0.676265348500684,0.6597660654650737,0.4493157039565489,0.4501111264673264,0.4506184300333836
2549,0.0983221906284365,1.8203319380706344,0.8054668015970977,0.4882137135212814,0.0490808204171004,14.312375126780722,0.7931330435790584,6.046076885111366,200,4.9532059049854364,0.5015655131141772,"<Vector (0.0000, 0.0000, 0.0000)>",134.3295492271574,,-92388.2269333679,728343.6716093323,184057.7343175735,0.665670236408414,0.1610304545365653,0.0914655309551096,0.1041837507121021,0.1149652536133269,0.1241562698906113,0.2766859061306401,0.7821134008682891,0.8564392648227344
2550,0.066187000156146,13.393126393049188,0.8601815359976088,1.5190744828356804,0.8410661027583495,7.395464521675978,0.607908973874129,2.134090532806356,200,5.2727760678233855,0.4161740669401856,"<Vector (0.0000, 0.0000, 0.0000)>",83.84741019961292,,833544.9915907935,571138.4580064653,-436118.0500456408,0.1481786824691588,0.972120406522856,0.9057585007527714,0.9052165605712847,0.8087245672899578,0.8902581399553245,0.0393635712197027,0.105407249428376,0.0588727548586381
2551,-0.0627559641730674,0.2594579107567124,0.8504425147484633,0.1846615511734439,2.4349673230472355,10.990496475379398,0.6716867048529489,4.924806321316044,200,1.2241684924195522,0.8405213770868066,"<Vector (0.0000, 0.0000, 0.0000)>",61.60940897690922,,-716529.7679159337,481379.2388937704,-286824.3779522154,0.0019837987356469,0.0228954940206771,0.0716680268692784,0.2321338898319227,0.1261792098761071,0.0585378214350757,0.2364791873731755,0.0532930052160142,0.1381120785955115
2552,0.0764237181945498,9.94026362048673,0.0747347978808541,1.5856721668875848,2.8283121842011725,12.70164620479759,0.2858988183074191,4.820184855664114,200,2.348066800361392,0.8639357935797634,"<Vector (0.0000, 0.0000, 0.0000)>",133.41188067728683,,-609571.0181034628,-994307.289217491,166214.61842226144,0.7120681712101007,0.5421697580848945,0.2225526720691464,0.6459751909462651,0.6014289327343694,0.4071621400059927,0.4177543963034189,0.3664424128228433,0.5037462620325376
2553,-0.1092942040717046,14.875062178961016,0.0970503337096744,1.2551471712964906,2.5303220647276348,14.998574301311944,0.9798170856028908,0.8996111006672151,200,5.25635845105904,0.6514801762276732,"<Vector (0.0000, 0.0000, 0.0000)>",114.48000987706278,,397956.0673930727,640299.7235315552,-646132.9957357337,0.3742335089349891,0.4759370088290608,0.3598543794590111,0.4853600542155036,0.5211086109149117,0.4498337488083422,0.5143802058877139,0.220521775714916,0.0599674677542333
2554,-0.0195606645606035,8.498175329410786,0.8181594920005506,1.7943560586307892,0.4731044488466267,6.4246599645620295,0.918338560100743,4.37025297687974,200,1.6339664424458202,0.928827030024894,"<Vector (0.0000, 0.0000, 0.0000)>",30.39770434876276,,-483379.09455988056,993944.5124991672,600365.5915293517,0.1350741734277713,0.8197355095958221,0.6163720172758126,0.3064891700176429,0.296054693604415,0.4546277044411143,0.0555088847420767,0.0087479306327356,0.0380062431954342
2555,0.1241714795068701,0.7734151726542421,0.0915692919589952,0.9756306436091116,0.58279631492857,13.30876855462774,0.261698292965586,6.182442516791798,200,5.45190182060708,0.3794159249801256,"<Vector (0.0000, 0.0000, 0.0000)>",111.63496884219748,,-225176.7637678533,402385.4049230167,-320834.1188843106,0.1470541154732165,0.0136596680797275,0.0755274891860337,0.4807960174886803,0.5293354855180205,0.1700686770937428,0.0381187309349997,0.0813905278556421,0.0786048063176177
2556,-0.1750011779879158,6.760280586096549,0.7240931895333893,1.588518161285524,1.8839704820972816,14.602017880652294,0.9911777904290452,0.2140074464971524,200,4.172800392727663,0.7890209693637225,"<Vector (0.0000, 0.0000, 0.0000)>",104.54726732004478,,129492.51696177968,-120833.26939059889,769686.5545803036,0.0107489191576317,0.0081050214347147,0.0112577619480653,0.0317432602262954,0.0249727647733497,0.0315286020191331,0.4456381024525,0.152492531565435,0.6676971510808348
2557,0.0470408472089196,14.671919596966225,0.7386134035401362,1.0194837977738116,3.3655919002982864,11.05072566021533,0.958962722172463,2.7774490518152146,200,4.700323589622207,0.8125440974906174,"<Vector (0.0000, 0.0000, 0.0000)>",107.2027120315157,,614574.7352659439,310486.0294926341,-343482.85469900025,0.6583346011743235,0.397654206610265,0.465871123249913,0.1723635663617274,0.1045717946169433,0.0722890237316055,0.0547040404363115,0.037106791766352,0.1740199237912628
2558,-0.0635232760695537,4.452712862070621,0.0283239200769922,0.8756853823744306,2.701103602399982,10.541902332274566,0.215461328190585,4.461907217147812,200,5.150353240755216,0.8261205707601806,"<Vector (0.0000, 0.0000, 0.0000)>",124.87634958949717,,-78505.05518205126,671667.5895840884,293959.9675064939,0.6976548833400811,0.6354239598199252,0.5292668257638992,0.4491590158030549,0.3775371660877008,0.2777881603384214,0.9572087683863376,0.4566256959479655,0.2510819668018736
2559,0.1383830341123802,3.656906697923214,0.5740178794107436,0.4218068144344673,1.2612521141241642,10.620139059401469,0.6643588763696089,5.91791028719214,200,0.0406487353217956,0.4061683247028866,"<Vector (0.0000, 0.0000, 0.0000)>",43.229459392495606,,-586367.4621077644,-547710.8765364191,380824.27255573473,0.0604207332787388,0.0649272277346776,0.0553558484421446,0.4725188235752162,0.4653784791845327,0.4679821711588246,0.7083533090341066,0.8453356680287915,0.1830066501573065
2560,-0.0254182358361283,2.8739996623148336,0.128477413600644,0.5002867567955476,3.517619821692453,10.329483862230196,0.42730165410499,2.969172386806892,200,1.7713034226093358,1.0108441394041774,"<Vector (0.0000, 0.0000, 0.0000)>",66.08933429340058,,829103.7522044382,625971.6770343105,976314.6120258186,0.3748033851227588,0.3688643957355824,0.3861700259420787,0.0693351951657204,0.9180280411925548,0.6670667091890498,0.0192836618054512,0.0272251844974976,9.959249121407768e-05
2561,-0.1620265453513746,11.663081188505728,0.104629257866044,0.3893593842473695,2.250171592856441,14.61328657844753,0.6182114283706828,0.7671535692862709,200,1.4887016823045152,0.3660636829664344,"<Vector (0.0000, 0.0000, 0.0000)>",55.81167072740077,,-754439.1455440235,-820706.4308949678,338186.9798918483,0.0366411118525686,0.0403137584860404,0.0073066108957973,0.4017786845505714,0.2355369521183852,0.2524282976793,0.0678839930995934,0.1211414412284157,0.5314852805026163
2562,-0.0436904453586404,9.110448833479,0.6917381307207421,1.9053023971543,0.0616228413836279,13.391329418413324,0.951341515033771,1.2901770445966183,200,3.2706626733434234,0.5993837310700558,"<Vector (0.0000, 0.0000, 0.0000)>",46.27664746204479,,-128031.24075336289,-266000.29103661,-43859.52586205804,0.9191120094832644,0.4104801462224046,0.4694117704881246,0.226440414667331,0.8999495391742552,0.5465381915630169,0.0334485386297273,0.1737008840458385,0.0028178562154409
2563,-0.0482877900868975,4.302363189133585,0.4199390094934981,0.391969617747806,2.1388678318382204,8.36266349403677,0.6404005164419152,0.0915470428444351,200,1.2029252619070394,1.0174654136459529,"<Vector (0.0000, 0.0000, 0.0000)>",31.44848502773784,,886111.7342569726,-784890.8740227282,-116017.85488847631,0.0050646601250265,0.002626979662492,0.0010707782736152,0.3448607904463293,0.1178880698176199,0.263184012974677,0.6752071788468517,0.4195010315063629,0.1334988089800511
2564,0.0522210801566875,5.57333328312604,0.6979229788673645,0.9847559994560418,0.7838997113364137,9.29743818191946,0.5794981897006155,2.781346362730838,200,3.798715827216229,0.971416141854928,"<Vector (0.0000, 0.0000, 0.0000)>",44.18508380603001,,458315.9675114844,-19637.838026846177,732454.2411070717,0.4332583169725855,0.6145460443357096,0.4522455934966167,0.2721138740456291,0.2759575655711969,0.2767394660998434,0.2103983614826686,0.2171272312284327,0.1530799810220001
2565,-0.0215167879518971,14.716618470678444,0.3851957580696309,1.352587193650434,3.431103879894185,10.24272404370956,0.7120435438924959,0.4874654644965696,200,0.4680081814184179,0.6656757734413532,"<Vector (0.0000, 0.0000, 0.0000)>",59.54258921974208,,-704844.7836219608,714645.7899153456,-368855.8996855572,0.3129898590683568,0.2114494370447436,0.308754523769062,0.2383375323098072,0.2368672279149302,0.2216568076741839,0.9359450270556146,0.8377793707378416,0.9005509477721979
2566,-0.0328694289562332,4.855044662895414,0.4362860672637325,0.9236561233308308,0.7749999691630629,11.284774441012331,0.3961491125255009,3.052424096612536,200,3.416603356811197,0.8734080812928711,"<Vector (0.0000, 0.0000, 0.0000)>",136.81519881375226,,-940344.3479116148,457781.1201423127,-7541.876145306393,0.3873116064115554,0.3855597095022188,0.3909273921873161,0.4119297727622187,0.3998413093010594,0.6245667788008396,0.4980474384924542,0.3085362738508686,0.2979388526509244
2567,0.0165888538051001,9.864812343878942,0.7931849409426762,1.7162939159548494,2.804860439834697,15.782400022059504,0.4277319032909289,2.790678735610149,200,4.206120066105967,0.553251646296555,"<Vector (0.0000, 0.0000, 0.0000)>",43.4997072644709,,-118084.51564143844,428540.2863918589,-88236.95930299489,0.8803581366795572,0.5573677431015855,0.5551624855444839,0.230297441959422,0.4264012849539943,0.2167944569840856,0.7726703271923321,0.7280013403676049,0.7452713018711207
2568,-0.0772741693683449,0.7889277333946698,0.8770647024124969,0.3650053578511003,0.7420977691872421,13.783488222286287,0.9060644740649376,4.8298472998548165,200,5.593038764111639,0.6681693918050378,"<Vector (0.0000, 0.0000, 0.0000)>",43.48742202780897,,-699454.2268689835,313553.3408048707,-965122.8392946876,0.2657677279890269,0.2135940273194178,0.0861263639257169,0.6875546076593676,0.8843262333585026,0.3005468033866171,0.0852381542088241,0.2095293667873888,0.2431041693350939
2569,-0.0384058303159643,6.454172153184122,0.0032717039390042,0.3928546497739109,0.3470902511383045,14.145127018661906,0.9385532938651382,3.654418070310734,200,4.801129497205041,0.8028111814939934,"<Vector (0.0000, 0.0000, 0.0000)>",89.5494332000915,,-544839.2389000019,-666387.6794413154,-224275.00457487267,0.5665416574869899,0.5257843139681581,0.7318394124448218,0.5124807668582814,0.5372852406058597,0.4378457398840792,0.4869625711615787,0.6948668907850694,0.2064882893417431
2570,0.0337416690343627,13.611529032287432,0.9820818091966766,0.0582372202516305,2.5050129152650973,7.606587582198307,0.947401078969301,0.3971106027716923,200,4.155450702030105,0.8440790531981819,"<Vector (0.0000, 0.0000, 0.0000)>",86.78833315009058,,-730378.5985870329,-913893.804622944,595545.9616963961,0.1208908653728437,0.1220446389737007,0.2328640651392137,0.0576737959171383,0.6426801336729012,0.6857308567838277,0.0037846798038657,0.0340982236428464,0.0126268999397665
2571,-0.0013967559056259,6.2638139239751975,0.2860191033253254,0.3009462689657538,0.8081817766634032,12.858009573443924,0.922447632143935,1.2773116916949814,200,4.986129705838744,0.5290584211914716,"<Vector (0.0000, 0.0000, 0.0000)>",147.43903597292228,,-288122.0403713486,573315.7179071275,-695045.3419808584,0.4357304290934879,0.4593198722230452,0.2316818565188065,0.0224247764432808,0.0094918257415587,0.0188476659720186,0.4529984118679375,0.2654209739516033,0.3993153220584186
2572,0.0993124932480932,12.742034868849135,0.4912067880967129,1.7967687640228882,0.8595175508292319,10.821510467688832,0.9021214241985168,5.042144827224876,200,0.8611831059322824,0.793649410761506,"<Vector (0.0000, 0.0000, 0.0000)>",97.37173176128393,,-377659.963004129,-434503.34085812606,-557328.148414122,0.1284437402428941,0.093395173576339,0.117525465760949,0.3679621198575942,0.2268075061123228,0.4945257196029506,0.4988119602352424,0.1457343595694825,0.0473154809536831
2573,-0.0909201854635688,12.518735157744327,0.2549068439850559,1.454413403360035,3.4847961356114125,12.90610428245754,0.5781891879523577,3.966065984209032,200,2.414384355176261,0.4583959700973358,"<Vector (0.0000, 0.0000, 0.0000)>",83.45274320221665,,-759967.9584431867,673416.5658786241,226170.4840556616,0.0426570944565641,0.0465537814937431,0.0204949206590868,0.0982426405325668,0.07808567794019,0.1070355222779969,0.3422107107377533,0.4511864530712476,0.463450489888912
2574,-0.1349871480904864,2.8851660786808946,0.3476404925128358,0.9521089692862108,3.896148133735171,9.260763822493963,0.5689729180596261,4.424668405434827,200,1.7972273764544169,1.024193452898891,"<Vector (0.0000, 0.0000, 0.0000)>",118.2007045747885,,-743066.3049115278,-278515.7560646704,-463305.78263649775,0.390972051313717,0.0688343064433566,0.0399566769521481,0.0205060838425945,0.1571349599964948,0.839282651504235,0.9912525693187786,0.1778400797999406,0.2033019690431718
2575,-0.0879407729487727,1.6585922181984614,0.888535630410899,1.1780878586996593,1.6200334631314828,12.23613896439193,0.852015960046695,2.2158226573347086,200,5.554027823172505,0.8641039543154498,"<Vector (0.0000, 0.0000, 0.0000)>",94.66558579168822,,-418190.44378193095,-4681.850129910279,-805284.5528174009,0.6066251829314332,0.2379484780457056,0.1765607235890211,0.4560492375011475,0.6838393069745874,0.5866847493217003,0.2319152525815098,0.2346782851425945,0.3219501952825697
2576,0.013681391021848,4.534348488100136,0.5936523527903905,1.920076843566508,3.076374474985053,6.155433295071441,0.5318419435275544,2.773297041834073,200,5.724041109658229,0.8751464262662834,"<Vector (0.0000, 0.0000, 0.0000)>",76.85817391471849,,892070.9476788449,-566248.6032477816,218457.52050963696,0.0411443150687057,0.0458791230013915,0.0204628713243246,0.2167717185374496,0.3373797472570287,0.2607169850319538,0.475791513015554,0.3740441707753802,0.4841488556021398
2577,0.1122820771261857,3.172386446804804,0.749489565658964,1.5534695019707518,0.5977800212467499,12.279561993165942,0.9326914471287971,1.030144658191327,200,5.616745760446798,0.8942182450464875,"<Vector (0.0000, 0.0000, 0.0000)>",120.64304923121828,,-915269.494468338,73041.96823738958,919244.8689700617,0.5759136821028394,0.5775951225121817,0.5934731894502496,0.0023921948712234,0.0029435796948926,0.0033829973435741,0.3957987796325031,0.4791408639742364,0.4309029420587833
2578,-0.0510707078522924,8.886551021103859,0.8117679303912018,1.4331900034217977,1.4844055279249837,8.026655625136415,0.7358844344049407,3.877066136803061,200,0.3194085347461807,0.4439251420290958,"<Vector (0.0000, 0.0000, 0.0000)>",134.01007088280744,,95899.9258851842,209342.38760937657,-760140.5634449719,0.1347258230011191,0.4716795755307441,0.1921133043423282,0.0151393674504668,0.9826983492793282,0.616448103570864,0.4042175135711603,0.3914717907079396,0.4026081799645309
2579,-0.158496362015053,0.5484210649728333,0.8980873788185425,0.1301364241071831,1.1874291555543608,12.898591165506168,0.5272885869654231,5.964243052605725,200,3.370138007587286,0.6283733987978353,"<Vector (0.0000, 0.0000, 0.0000)>",40.08807469302288,,-927099.9731703224,104851.74331927976,-837591.1592265506,0.2872041104751969,0.2864279483284783,0.2861846236238741,0.3018434432116014,0.2203583036439109,0.2890325897041066,0.4852074164480592,0.8253087127151386,0.7892574760529139
2580,-0.0745894179514736,3.003710502597507,0.3501092079794441,0.7772160189788064,0.4264112873353141,9.793605901931713,0.2589762260116884,1.3316987972849672,200,5.72090122170106,0.7901407754602914,"<Vector (0.0000, 0.0000, 0.0000)>",30.23914259369226,,524935.3475053955,-875057.0681586232,-598863.4403994828,0.4216195479082962,0.4162752042653547,0.451249913617286,0.4219404987983253,0.4614594296890433,0.2739366132673229,0.8642102955720781,0.4039407887073089,0.7146327392262858
2581,-0.1807133217971989,6.074975368253251,0.4448396790071883,0.3377700772735674,0.5688647239562927,8.961230730373288,0.4179044022457176,5.3688632006084855,200,0.6879679382957853,0.8579334279121971,"<Vector (0.0000, 0.0000, 0.0000)>",142.52575902006348,,-109123.22649963992,-506821.6770928285,-188121.29865605617,0.7431704849887966,0.343433899156138,0.0369602102191645,0.2243380380091234,0.9579964637922096,0.8506413695246706,0.0645810752388285,0.1251756860781367,0.1169294950802595
2582,-0.0229287908505854,6.180795068069985,0.8448120505221639,0.9249375254091404,2.2067417429220675,15.201838335789624,0.2708719119305383,1.7621614763516895,200,1.114466376392167,0.7336120836885219,"<Vector (0.0000, 0.0000, 0.0000)>",142.44971484651597,,-839379.2938521582,747449.0059514267,149635.2761050521,0.3881577383370141,0.1452565126521847,0.3511296049217919,0.4618250648094706,0.27989259355445,0.2684627152408183,0.423170815581036,0.1844513905555202,0.6756092036483831
2583,-0.1418620147560942,3.1684357847931555,0.1021994802743504,0.7359808843341287,2.541126911227233,9.07302556733034,0.5361628902930808,5.209828353169203,200,4.785106472439733,0.6131983591073187,"<Vector (0.0000, 0.0000, 0.0000)>",92.53599111651052,,-78815.66412511328,-352561.96341194084,-602869.239575363,0.0965906147647971,0.7286860216297169,0.5603223026920535,0.1054046242539893,0.0156955478248899,0.1280081602434912,0.1515961651283774,0.4640140466193106,0.3059904690539254
2584,-0.0997755468813063,4.246671157656418,0.1200603327694407,0.6393615935758641,1.53522484147534,11.976472876097214,0.532574064103141,5.881577628148054,200,1.539027927295237,1.0403120079384771,"<Vector (0.0000, 0.0000, 0.0000)>",61.58525370399944,,657351.9770436899,-406082.8717727889,292678.4591951573,0.0100950435183188,0.41027946074186,0.1872092635444784,0.0893504161362163,0.2640046059532981,0.399689009750941,0.0042387093455536,0.0117760479164477,0.0213100974079636
2585,-0.2191288779168895,10.016274656015508,0.4628727807800563,1.1558178459290167,2.7493040722781403,14.191230507904422,0.6023430314839349,3.1156035556621497,200,2.275731713732804,0.5356852876140398,"<Vector (0.0000, 0.0000, 0.0000)>",122.1158334339769,,-641498.5309073167,-942030.8111906956,-877557.8887235429,0.198859621813281,0.2071938159809186,0.2083030521623643,0.2965291260114977,0.2797808752412647,0.27469583000989,0.0580289916636715,0.2361535707498883,0.3597698420035049
2586,0.1022302480522472,2.762191128270466,0.4833768865989513,0.3965891406281538,3.409298360676112,8.31897798730534,0.4802219064528509,2.351878330181876,200,3.8555039206546255,0.7769614566248477,"<Vector (0.0000, 0.0000, 0.0000)>",74.28425444573429,,-737023.7170245611,-571308.9160562776,-791491.2760469647,0.1539776240619104,0.2580359627749823,0.4021941169697651,0.6343496337083881,0.5390402466397092,0.2924405877852821,0.3417027640197709,0.2755243634690501,0.3081804679057389
2587,0.0749441550804154,11.696028364566576,0.5693141980735718,0.8515152412133422,0.2365255122063234,7.8541874924370365,0.9047040970861456,3.520469078795154,200,2.327816380294656,0.8404363346590248,"<Vector (0.0000, 0.0000, 0.0000)>",97.41770886088608,,-706772.370551809,147997.25313081965,-97029.95393049985,0.731120410554745,0.8574299066240383,0.8348197560128141,0.0306896631465399,0.0282491198542157,0.0170988166155864,0.0696906950613556,0.1292386321230765,0.1117673078462434
2588,0.2269382778202326,2.878522126928389,0.6602290904917992,1.7761324924573234,0.4162804372555859,13.767803871306675,0.3350156452589631,1.3367406429959874,200,0.6017177679766411,0.4877541041887526,"<Vector (0.0000, 0.0000, 0.0000)>",50.27873544978908,,-161033.54508055444,-712008.3723126121,-27239.92368392612,0.3391762174675602,0.7190883320171648,0.3774843934491749,0.4417611679196045,0.2894704468350346,0.1922472590379616,0.6236022026913107,0.7624213547789583,0.7148636434557307
2589,-0.099159020390967,3.537521202921704,0.5014459711201527,0.905495061537574,2.558534454095889,6.888871028887576,0.2408915011149166,5.338241953625613,200,5.416811328271382,0.548962719194455,"<Vector (0.0000, 0.0000, 0.0000)>",64.86435966910831,,500527.6494606256,924883.638768734,-289461.5496260488,0.2298344900839032,0.5068037128159976,0.5395946216333739,0.2246806773209795,0.2607741214304537,0.3735354005900446,0.2469327812800232,0.777466238822293,0.5076792944796165
2590,-0.0430916128712614,4.56553138099501,0.9295756386457412,1.6755907513797783,3.382469485073511,15.556372793208292,0.2913466134260842,1.863850601596892,200,3.314059560679028,0.663471527162294,"<Vector (0.0000, 0.0000, 0.0000)>",64.30036042810082,,544732.4250903851,-542340.4538637146,-185244.8776300781,0.4046124122039587,0.3294511031207527,0.5780880270277421,0.7266298198280989,0.9426194806850458,0.6092693063561646,0.0257598612924321,0.3107142800826072,0.2914654255429486
2591,-0.1072713536953493,5.34107663131509,0.7394866815079024,1.5855905400342525,0.0218396986217395,15.214890122958124,0.5866031250126658,3.9782926266343073,200,5.4651576007137335,0.9942889357347892,"<Vector (0.0000, 0.0000, 0.0000)>",86.80783612065952,,-84212.26358487515,846332.1257340431,689546.4800036608,0.5394222213238962,0.4466373418344481,0.5091688439532525,0.9679531335592072,0.7425716490268135,0.416829748299462,0.1366689059927848,0.164839867884183,0.9383787215003614
2592,-0.0642995744312212,5.23481197309743,0.0624851808555478,0.0608543756421475,0.91172117727396,12.466529038135366,0.2334822126035098,5.649681707400781,200,5.387319901347666,0.4824283250818436,"<Vector (0.0000, 0.0000, 0.0000)>",92.96099886466207,,-622698.3968698238,513704.5181182432,-649491.7623860727,0.3791963937994785,0.2466684851383064,0.47436921145919,0.2321713860880462,0.0483092912799567,0.4394571991236495,0.078877434434312,0.3780216414603564,0.127686217699949
2593,0.04217881354422153,13.931085499952125,0.4327725340447589,1.0387642819118303,1.8287592154570036,13.2112706135663,0.43960996077034364,2.3791756009257043,200,2.6410955841203387,0.9896404656699973,"<Vector (0.0000, 0.0000, 0.0000)>",146.61978804298093,,-28014.24378141435,-498449.42585948016,184136.17013655603,0.2276622249001562,0.08171280444132453,0.1322015491351768,0.08923661235676907,0.6603880802394719,0.35354311330441335,0.22330940777436256,0.7772742544786753,0.7206032347139304
